Name,Group,Max Hours,Email,Phone
Delegate 1,Delegates,10,delegate1@example.com,(555) 101-0001
Delegate 2,Delegates,10,delegate2@example.com,(555) 101-0002
Delegate 3,Delegates,10,delegate3@example.com,(555) 101-0003
Delegate 4,Delegates,10,delegate4@example.com,(555) 101-0004
Delegate 5,Delegates,10,delegate5@example.com,(555) 101-0005
Delegate 6,Delegates,10,delegate6@example.com,(555) 101-0006
Delegate 7,Delegates,10,delegate7@example.com,(555) 101-0007
Delegate 8,Delegates,10,delegate8@example.com,(555) 101-0008
Delegate 9,Delegates,10,delegate9@example.com,(555) 101-0009
Delegate 10,Delegates,10,delegate10@example.com,(555) 101-0010
Delegate 11,Delegates,10,delegate11@example.com,(555) 101-0011
Delegate 12,Delegates,10,delegate12@example.com,(555) 101-0012
Delegate 13,Delegates,10,delegate13@example.com,(555) 101-0013
Delegate 14,Delegates,10,delegate14@example.com,(555) 101-0014
Delegate 15,Delegates,10,delegate15@example.com,(555) 101-0015
Delegate 16,Delegates,10,delegate16@example.com,(555) 101-0016
Delegate 17,Delegates,10,delegate17@example.com,(555) 101-0017
Delegate 18,Delegates,10,delegate18@example.com,(555) 101-0018
Delegate 19,Delegates,10,delegate19@example.com,(555) 101-0019
Delegate 20,Delegates,10,delegate20@example.com,(555) 101-0020
Delegate 21,Delegates,10,delegate21@example.com,(555) 101-0021
Delegate 22,Delegates,10,delegate22@example.com,(555) 101-0022
Delegate 23,Delegates,10,delegate23@example.com,(555) 101-0023
Delegate 24,Delegates,10,delegate24@example.com,(555) 101-0024
Delegate 25,Delegates,10,delegate25@example.com,(555) 101-0025
Delegate 26,Delegates,10,delegate26@example.com,(555) 101-0026
Delegate 27,Delegates,10,delegate27@example.com,(555) 101-0027
Delegate 28,Delegates,10,delegate28@example.com,(555) 101-0028
Delegate 29,Delegates,10,delegate29@example.com,(555) 101-0029
Delegate 30,Delegates,10,delegate30@example.com,(555) 101-0030
Delegate 31,Delegates,10,delegate31@example.com,(555) 101-0031
Delegate 32,Delegates,10,delegate32@example.com,(555) 101-0032
Delegate 33,Delegates,10,delegate33@example.com,(555) 101-0033
Delegate 34,Delegates,10,delegate34@example.com,(555) 101-0034
Delegate 35,Delegates,10,delegate35@example.com,(555) 101-0035
Delegate 36,Delegates,10,delegate36@example.com,(555) 101-0036
Delegate 37,Delegates,10,delegate37@example.com,(555) 101-0037
Delegate 38,Delegates,10,delegate38@example.com,(555) 101-0038
Delegate 39,Delegates,10,delegate39@example.com,(555) 101-0039
Delegate 40,Delegates,10,delegate40@example.com,(555) 101-0040
Delegate 41,Delegates,10,delegate41@example.com,(555) 101-0041
Delegate 42,Delegates,10,delegate42@example.com,(555) 101-0042
Delegate 43,Delegates,10,delegate43@example.com,(555) 101-0043
Delegate 44,Delegates,10,delegate44@example.com,(555) 101-0044
Delegate 45,Delegates,10,delegate45@example.com,(555) 101-0045
Delegate 46,Delegates,10,delegate46@example.com,(555) 101-0046
Delegate 47,Delegates,10,delegate47@example.com,(555) 101-0047
Delegate 48,Delegates,10,delegate48@example.com,(555) 101-0048
Delegate 49,Delegates,10,delegate49@example.com,(555) 101-0049
Delegate 50,Delegates,10,delegate50@example.com,(555) 101-0050
Delegate 51,Delegates,10,delegate51@example.com,(555) 101-0051
Delegate 52,Delegates,10,delegate52@example.com,(555) 101-0052
Delegate 53,Delegates,10,delegate53@example.com,(555) 101-0053
Delegate 54,Delegates,10,delegate54@example.com,(555) 101-0054
Delegate 55,Delegates,10,delegate55@example.com,(555) 101-0055
Delegate 56,Delegates,10,delegate56@example.com,(555) 101-0056
Delegate 57,Delegates,10,delegate57@example.com,(555) 101-0057
Delegate 58,Delegates,10,delegate58@example.com,(555) 101-0058
Delegate 59,Delegates,10,delegate59@example.com,(555) 101-0059
Delegate 60,Delegates,10,delegate60@example.com,(555) 101-0060
Delegate 61,Delegates,10,delegate61@example.com,(555) 101-0061
Delegate 62,Delegates,10,delegate62@example.com,(555) 101-0062
Delegate 63,Delegates,10,delegate63@example.com,(555) 101-0063
Delegate 64,Delegates,10,delegate64@example.com,(555) 101-0064
Delegate 65,Delegates,10,delegate65@example.com,(555) 101-0065
Adult 66,Adults,12,adult66@example.com,(555) 201-0066
Adult 67,Adults,12,adult67@example.com,(555) 201-0067
Adult 68,Adults,12,adult68@example.com,(555) 201-0068
Adult 69,Adults,12,adult69@example.com,(555) 201-0069
Adult 70,Adults,12,adult70@example.com,(555) 201-0070
Adult 71,Adults,12,adult71@example.com,(555) 201-0071
Adult 72,Adults,12,adult72@example.com,(555) 201-0072
Adult 73,Adults,12,adult73@example.com,(555) 201-0073
Adult 74,Adults,12,adult74@example.com,(555) 201-0074
Adult 75,Adults,12,adult75@example.com,(555) 201-0075
Adult 76,Adults,12,adult76@example.com,(555) 201-0076
Adult 77,Adults,12,adult77@example.com,(555) 201-0077
Adult 78,Adults,12,adult78@example.com,(555) 201-0078
Adult 79,Adults,12,adult79@example.com,(555) 201-0079
Adult 80,Adults,12,adult80@example.com,(555) 201-0080
Adult 81,Adults,12,adult81@example.com,(555) 201-0081
Adult 82,Adults,12,adult82@example.com,(555) 201-0082
Adult 83,Adults,12,adult83@example.com,(555) 201-0083
Adult 84,Adults,12,adult84@example.com,(555) 201-0084
Adult 85,Adults,12,adult85@example.com,(555) 201-0085
Adult 86,Adults,12,adult86@example.com,(555) 201-0086
Adult 87,Adults,12,adult87@example.com,(555) 201-0087
Adult 88,Adults,12,adult88@example.com,(555) 201-0088
Adult 89,Adults,12,adult89@example.com,(555) 201-0089
Adult 90,Adults,12,adult90@example.com,(555) 201-0090
Adult 91,Adults,12,adult91@example.com,(555) 201-0091
Adult 92,Adults,12,adult92@example.com,(555) 201-0092
Adult 93,Adults,12,adult93@example.com,(555) 201-0093
Adult 94,Adults,12,adult94@example.com,(555) 201-0094
Adult 95,Adults,12,adult95@example.com,(555) 201-0095
Adult 96,Adults,12,adult96@example.com,(555) 201-0096
Adult 97,Adults,12,adult97@example.com,(555) 201-0097
Adult 98,Adults,12,adult98@example.com,(555) 201-0098
Adult 99,Adults,12,adult99@example.com,(555) 201-0099
Adult 100,Adults,12,adult100@example.com,(555) 201-0100
Adult 101,Adults,12,adult101@example.com,(555) 201-0101
Adult 102,Adults,12,adult102@example.com,(555) 201-0102
Adult 103,Adults,12,adult103@example.com,(555) 201-0103
Adult 104,Adults,12,adult104@example.com,(555) 201-0104
Adult 105,Adults,12,adult105@example.com,(555) 201-0105
Adult 106,Adults,12,adult106@example.com,(555) 201-0106
Adult 107,Adults,12,adult107@example.com,(555) 201-0107
Adult 108,Adults,12,adult108@example.com,(555) 201-0108
Adult 109,Adults,12,adult109@example.com,(555) 201-0109
Adult 110,Adults,12,adult110@example.com,(555) 201-0110
Adult 111,Adults,12,adult111@example.com,(555) 201-0111
Adult 112,Adults,12,adult112@example.com,(555) 201-0112
Adult 113,Adults,12,adult113@example.com,(555) 201-0113
Adult 114,Adults,12,adult114@example.com,(555) 201-0114
Adult 115,Adults,12,adult115@example.com,(555) 201-0115
Adult 116,Adults,12,adult116@example.com,(555) 201-0116
Adult 117,Adults,12,adult117@example.com,(555) 201-0117
Adult 118,Adults,12,adult118@example.com,(555) 201-0118
Adult 119,Adults,12,adult119@example.com,(555) 201-0119
Adult 120,Adults,12,adult120@example.com,(555) 201-0120
Adult 121,Adults,12,adult121@example.com,(555) 201-0121
